"filename", "language", "C++", "Slang", "CMake", "comment", "blank", "total"
"/Users/nemesisverstraete/Desktop/Obsidium/CMakeLists.txt", "CMake", 0, 0, 98, 0, 13, 111
"/Users/nemesisverstraete/Desktop/Obsidium/include/Engine.h", "C++", 25, 0, 0, 3, 9, 37
"/Users/nemesisverstraete/Desktop/Obsidium/include/Obsidium.h", "C++", 3, 0, 0, 3, 2, 8
"/Users/nemesisverstraete/Desktop/Obsidium/include/assets/MeshManager.h", "C++", 31, 0, 0, 3, 15, 49
"/Users/nemesisverstraete/Desktop/Obsidium/include/assets/TextureManager.h", "C++", 20, 0, 0, 3, 10, 33
"/Users/nemesisverstraete/Desktop/Obsidium/include/graphics/Buffer.h", "C++", 19, 0, 0, 3, 7, 29
"/Users/nemesisverstraete/Desktop/Obsidium/include/graphics/Mesh.h", "C++", 31, 0, 0, 3, 14, 48
"/Users/nemesisverstraete/Desktop/Obsidium/include/graphics/Model.h", "C++", 25, 0, 0, 3, 9, 37
"/Users/nemesisverstraete/Desktop/Obsidium/include/graphics/Polygon.h", "C++", 18, 0, 0, 3, 7, 28
"/Users/nemesisverstraete/Desktop/Obsidium/include/graphics/Renderer.h", "C++", 29, 0, 0, 4, 15, 48
"/Users/nemesisverstraete/Desktop/Obsidium/include/graphics/Texture.h", "C++", 32, 0, 0, 3, 12, 47
"/Users/nemesisverstraete/Desktop/Obsidium/include/utils/Hash.h", "C++", 21, 0, 0, 3, 6, 30
"/Users/nemesisverstraete/Desktop/Obsidium/include/window/Window.h", "C++", 38, 0, 0, 3, 14, 55
"/Users/nemesisverstraete/Desktop/Obsidium/include/world/EntityComponentManager.h", "C++", 30, 0, 0, 3, 13, 46
"/Users/nemesisverstraete/Desktop/Obsidium/include/world/SparseSet.h", "C++", 18, 0, 0, 4, 7, 29
"/Users/nemesisverstraete/Desktop/Obsidium/include/world/System.h", "C++", 15, 0, 0, 3, 6, 24
"/Users/nemesisverstraete/Desktop/Obsidium/include/world/World.h", "C++", 11, 0, 0, 3, 8, 22
"/Users/nemesisverstraete/Desktop/Obsidium/include/world/WorldManager.h", "C++", 9, 0, 0, 3, 5, 17
"/Users/nemesisverstraete/Desktop/Obsidium/include/world/scene/Camera.h", "C++", 23, 0, 0, 6, 12, 41
"/Users/nemesisverstraete/Desktop/Obsidium/include/world/scene/Components.h", "C++", 35, 0, 0, 3, 12, 50
"/Users/nemesisverstraete/Desktop/Obsidium/include/world/scene/Entity.h", "C++", 24, 0, 0, 3, 12, 39
"/Users/nemesisverstraete/Desktop/Obsidium/include/world/scene/Scene.h", "C++", 67, 0, 0, 3, 21, 91
"/Users/nemesisverstraete/Desktop/Obsidium/include/world/scene/SceneManager.h", "C++", 23, 0, 0, 3, 12, 38
"/Users/nemesisverstraete/Desktop/Obsidium/sandbox/CMakeLists.txt", "CMake", 0, 0, 10, 0, 2, 12
"/Users/nemesisverstraete/Desktop/Obsidium/sandbox/main.cpp", "C++", 52, 0, 0, 5, 14, 71
"/Users/nemesisverstraete/Desktop/Obsidium/src/Engine.cpp", "C++", 17, 0, 0, 3, 6, 26
"/Users/nemesisverstraete/Desktop/Obsidium/src/assets/MeshManager.cpp", "C++", 119, 0, 0, 3, 36, 158
"/Users/nemesisverstraete/Desktop/Obsidium/src/assets/TextureManager.cpp", "C++", 29, 0, 0, 3, 10, 42
"/Users/nemesisverstraete/Desktop/Obsidium/src/graphics/Buffer.cpp", "C++", 5, 0, 0, 3, 6, 14
"/Users/nemesisverstraete/Desktop/Obsidium/src/graphics/Model.cpp", "C++", 9, 0, 0, 3, 6, 18
"/Users/nemesisverstraete/Desktop/Obsidium/src/graphics/Polygon.cpp", "C++", 36, 0, 0, 3, 14, 53
"/Users/nemesisverstraete/Desktop/Obsidium/src/graphics/Renderer.cpp", "C++", 43, 0, 0, 3, 13, 59
"/Users/nemesisverstraete/Desktop/Obsidium/src/graphics/Texture.cpp", "C++", 14, 0, 0, 3, 9, 26
"/Users/nemesisverstraete/Desktop/Obsidium/src/graphics/shader/Shader.cpp", "C++", 104, 0, 0, 3, 21, 128
"/Users/nemesisverstraete/Desktop/Obsidium/src/graphics/shader/Shader.h", "C++", 18, 0, 0, 3, 10, 31
"/Users/nemesisverstraete/Desktop/Obsidium/src/graphics/shader/mainShader.slang", "Slang", 0, 33, 0, 0, 7, 40
"/Users/nemesisverstraete/Desktop/Obsidium/src/graphics/vulkan/Mesh.h", "C++", 24, 0, 0, 3, 7, 34
"/Users/nemesisverstraete/Desktop/Obsidium/src/graphics/vulkan/VulkanBuffer.cpp", "C++", 16, 0, 0, 3, 8, 27
"/Users/nemesisverstraete/Desktop/Obsidium/src/graphics/vulkan/VulkanBuffer.h", "C++", 19, 0, 0, 3, 9, 31
"/Users/nemesisverstraete/Desktop/Obsidium/src/graphics/vulkan/VulkanCommandBuffers.cpp", "C++", 11, 0, 0, 3, 6, 20
"/Users/nemesisverstraete/Desktop/Obsidium/src/graphics/vulkan/VulkanCommandBuffers.h", "C++", 14, 0, 0, 3, 6, 23
"/Users/nemesisverstraete/Desktop/Obsidium/src/graphics/vulkan/VulkanCommandPool.cpp", "C++", 10, 0, 0, 3, 5, 18
"/Users/nemesisverstraete/Desktop/Obsidium/src/graphics/vulkan/VulkanCommandPool.h", "C++", 13, 0, 0, 3, 8, 24
"/Users/nemesisverstraete/Desktop/Obsidium/src/graphics/vulkan/VulkanContext.cpp", "C++", 69, 0, 0, 5, 16, 90
"/Users/nemesisverstraete/Desktop/Obsidium/src/graphics/vulkan/VulkanContext.h", "C++", 25, 0, 0, 5, 11, 41
"/Users/nemesisverstraete/Desktop/Obsidium/src/graphics/vulkan/VulkanDescriptors.cpp", "C++", 47, 0, 0, 4, 11, 62
"/Users/nemesisverstraete/Desktop/Obsidium/src/graphics/vulkan/VulkanDescriptors.h", "C++", 21, 0, 0, 3, 8, 32
"/Users/nemesisverstraete/Desktop/Obsidium/src/graphics/vulkan/VulkanDevice.cpp", "C++", 79, 0, 0, 5, 23, 107
"/Users/nemesisverstraete/Desktop/Obsidium/src/graphics/vulkan/VulkanDevice.h", "C++", 26, 0, 0, 6, 12, 44
"/Users/nemesisverstraete/Desktop/Obsidium/src/graphics/vulkan/VulkanFrameContext.h", "C++", 13, 0, 0, 3, 7, 23
"/Users/nemesisverstraete/Desktop/Obsidium/src/graphics/vulkan/VulkanPipeline.cpp", "C++", 106, 0, 0, 5, 21, 132
"/Users/nemesisverstraete/Desktop/Obsidium/src/graphics/vulkan/VulkanPipeline.h", "C++", 27, 0, 0, 3, 10, 40
"/Users/nemesisverstraete/Desktop/Obsidium/src/graphics/vulkan/VulkanRenderer.cpp", "C++", 315, 0, 0, 4, 62, 381
"/Users/nemesisverstraete/Desktop/Obsidium/src/graphics/vulkan/VulkanRenderer.h", "C++", 48, 0, 0, 3, 14, 65
"/Users/nemesisverstraete/Desktop/Obsidium/src/graphics/vulkan/VulkanSurface.h", "C++", 30, 0, 0, 4, 13, 47
"/Users/nemesisverstraete/Desktop/Obsidium/src/graphics/vulkan/VulkanSwapChain.cpp", "C++", 80, 0, 0, 3, 22, 105
"/Users/nemesisverstraete/Desktop/Obsidium/src/graphics/vulkan/VulkanSwapChain.h", "C++", 29, 0, 0, 3, 11, 43
"/Users/nemesisverstraete/Desktop/Obsidium/src/graphics/vulkan/VulkanTexture.cpp", "C++", 14, 0, 0, 3, 7, 24
"/Users/nemesisverstraete/Desktop/Obsidium/src/graphics/vulkan/VulkanTexture.h", "C++", 16, 0, 0, 3, 6, 25
"/Users/nemesisverstraete/Desktop/Obsidium/src/rhi/Buffer.h", "C++", 16, 0, 0, 3, 7, 26
"/Users/nemesisverstraete/Desktop/Obsidium/src/rhi/RenderPacket.h", "C++", 15, 0, 0, 3, 6, 24
"/Users/nemesisverstraete/Desktop/Obsidium/src/rhi/RendererBackend.cpp", "C++", 4, 0, 0, 3, 4, 11
"/Users/nemesisverstraete/Desktop/Obsidium/src/rhi/RendererBackend.h", "C++", 25, 0, 0, 4, 14, 43
"/Users/nemesisverstraete/Desktop/Obsidium/src/rhi/Texture.h", "C++", 15, 0, 0, 3, 6, 24
"/Users/nemesisverstraete/Desktop/Obsidium/src/utils/IDSystem.cpp", "C++", 24, 0, 0, 3, 7, 34
"/Users/nemesisverstraete/Desktop/Obsidium/src/utils/IDSystem.h", "C++", 51, 0, 0, 3, 16, 70
"/Users/nemesisverstraete/Desktop/Obsidium/src/utils/UUID.cpp", "C++", 10, 0, 0, 3, 7, 20
"/Users/nemesisverstraete/Desktop/Obsidium/src/utils/UUID.h", "C++", 8, 0, 0, 3, 8, 19
"/Users/nemesisverstraete/Desktop/Obsidium/src/window/GLFWImplementation.h", "C++", 86, 0, 0, 3, 21, 110
"/Users/nemesisverstraete/Desktop/Obsidium/src/window/Window.cpp", "C++", 14, 0, 0, 3, 6, 23
"/Users/nemesisverstraete/Desktop/Obsidium/src/world/EntityComponentManager.cpp", "C++", 49, 0, 0, 3, 12, 64
"/Users/nemesisverstraete/Desktop/Obsidium/src/world/SparseSet.cpp", "C++", 40, 0, 0, 3, 10, 53
"/Users/nemesisverstraete/Desktop/Obsidium/src/world/System.cpp", "C++", 3, 0, 0, 3, 4, 10
"/Users/nemesisverstraete/Desktop/Obsidium/src/world/World.cpp", "C++", 1, 0, 0, 3, 2, 6
"/Users/nemesisverstraete/Desktop/Obsidium/src/world/WorldManager.cpp", "C++", 1, 0, 0, 3, 3, 7
"/Users/nemesisverstraete/Desktop/Obsidium/src/world/scene/Camera.cpp", "C++", 52, 0, 0, 3, 13, 68
"/Users/nemesisverstraete/Desktop/Obsidium/src/world/scene/Entity.cpp", "C++", 20, 0, 0, 3, 11, 34
"/Users/nemesisverstraete/Desktop/Obsidium/src/world/scene/Scene.cpp", "C++", 180, 0, 0, 3, 49, 232
"/Users/nemesisverstraete/Desktop/Obsidium/src/world/scene/SceneManager.cpp", "C++", 27, 0, 0, 3, 11, 41
"Total", "-", 2686, 33, 108, 250, 915, 3992